Name,Lillian Jimenez,Ruby Diaz,Hailey Do,Alexa Nelson,Aria Mitchell,Autumn Mitchell,Amelia Hernandez,Anna Nguyen,Allison Singh,Gabriella Harris,Naomi Morales,Allison Vargas,Skylar Brown,Vivian Robinson,Hadley Rodriguez,Samantha Smith,Chloe Cruz,Aubree Mehta,Jade Patel,Grace King,Camila Lewis,Ivy Williams,Victoria Singh,Leah Lewis,Eleanor Perez,Willow Gonzalez,Ella Chen,Nova Wang,Zoey Walker,Amelia Chavez,Aurora Rivera,Mia Sharma,Ellie Martin,Madison Robinson,Adalynn Wilson,Sarah Wilson,Aubree Patel,Violet King,Claire Rivera,Peyton Vasquez,Addison Davis,Emilia Wang,Chloe Morales,Aaliyah Sharma,Sophie Do,Olivia Nguyen,Liliana Castillo,Stella Harris,Peyton Nguyen,Olivia Moreno
Lillian Torres,0.0,0.0,0.01,0.07,0.01,0.0,0.0,0.03,0.01,0.96,0.0,0.07,0.0,0.01,0.01,0.0,0.06,0.02,0.0,0.0,0.0,0.0,0.0,0.06,0.0,0.0,0.06,0.06,0.0,0.04,0.0,0.01,0.0,0.0,0.03,0.93,0.0,0.0,0.01,0.01,0.0,0.0,0.01,0.03,0.06,0.97,0.04,0.0,0.07,0.0
Ellie Jackson,0.0,0.0,0.0,0.0,0.01,0.0,0.0,0.06,0.0,0.0,0.0,0.06,0.03,0.04,0.0,0.0,0.0,0.0,0.0,0.0,0.03,0.0,0.0,0.01,0.0,0.0,0.0,0.03,0.0,0.04,0.0,0.0,0.0,0.96,0.06,0.03,0.0,0.0,0.0,0.0,0.0,0.0,0.0,0.03,0.04,0.09,0.07,0.0,0.0,0.0
Lily Taylor,0.0,0.0,0.01,0.04,0.01,0.0,0.0,0.03,0.03,0.0,0.0,0.04,0.02,0.01,0.01,0.0,0.03,0.0,0.0,0.0,0.0,0.0,0.0,0.01,0.0,0.0,0.04,0.03,0.0,0.01,0.0,0.01,0.0,0.02,0.03,0.02,0.0,0.0,0.03,0.01,0.0,0.0,0.94,0.95,0.01,0.04,0.06,0.0,0.04,0.0
Adalynn Wright,0.03,0.0,0.01,0.01,0.04,0.0,0.0,0.06,0.04,0.03,0.0,0.01,0.03,0.01,0.04,0.0,0.0,0.05,0.0,0.0,0.0,0.0,0.0,0.03,0.0,0.0,0.06,0.0,0.0,0.04,0.0,0.01,0.03,0.03,0.03,0.0,0.0,0.0,0.01,0.01,0.0,0.0,1.0,0.96,0.06,0.07,0.07,0.0,0.04,0.0
Nevaeh Gupta,0.93,0.0,0.0,0.03,0.0,0.0,0.0,0.06,0.05,0.03,0.0,0.03,0.02,0.0,0.0,0.0,0.03,0.03,0.0,0.0,0.0,0.0,0.0,0.03,0.0,0.0,0.03,0.03,0.0,0.0,0.0,0.03,0.03,0.08,0.06,0.02,0.0,0.0,0.02,0.03,0.0,0.0,0.03,0.02,0.0,0.06,0.08,0.0,0.03,0.0
Chloe Ortiz,0.03,0.0,0.03,0.02,0.05,0.0,0.0,0.0,0.03,0.94,0.0,0.0,0.01,0.03,0.0,0.0,0.02,0.03,0.0,0.0,0.03,0.0,0.0,0.0,0.0,0.0,0.03,0.0,0.0,0.0,0.0,0.03,0.03,0.01,0.01,0.96,0.0,0.0,0.03,0.0,0.0,0.0,0.03,0.03,0.0,0.93,0.0,0.0,0.02,0.0
Mila Sharma,0.0,0.0,0.0,0.0,0.04,0.0,0.0,0.03,0.0,0.0,0.0,0.04,0.05,0.01,0.0,0.0,0.0,0.96,0.0,0.0,0.0,0.0,0.0,0.07,0.0,0.0,0.0,0.06,0.0,0.07,0.0,0.0,0.0,0.05,0.0,0.02,0.0,0.0,0.0,0.0,0.0,0.0,0.0,0.08,0.07,0.04,0.06,0.0,0.0,0.0
Eva Rivera,0.03,0.0,0.01,0.04,0.04,0.0,0.0,0.03,0.04,0.96,0.0,0.04,0.03,0.04,0.01,0.0,0.03,0.03,0.0,0.0,0.02,0.0,0.0,0.04,0.0,0.0,0.04,0.03,0.0,0.07,0.0,0.01,0.0,0.0,0.0,0.93,0.0,0.0,0.01,0.01,0.0,0.0,0.01,0.06,0.07,0.97,0.04,0.0,0.07,0.0
Amelia Nguyen,0.06,0.0,0.03,0.03,0.06,0.0,0.0,0.03,0.06,0.0,0.0,0.03,0.03,0.03,0.0,0.0,0.03,0.06,0.0,0.0,0.03,0.0,0.0,0.0,0.0,0.0,0.03,0.03,0.0,0.05,0.0,0.03,0.0,0.03,0.98,0.0,0.0,0.0,0.03,0.96,0.0,0.0,0.02,0.03,0.03,0.03,0.03,0.0,0.03,0.0
Hazel Torres,0.03,0.0,0.04,0.04,0.04,0.0,0.0,0.03,0.04,0.0,0.0,0.04,0.0,0.04,0.01,0.0,0.03,0.03,0.0,0.0,0.05,0.0,0.0,0.01,0.0,0.0,0.04,0.03,0.0,0.01,0.0,0.04,0.0,0.03,0.03,0.0,0.0,0.0,0.97,0.04,0.0,0.0,0.01,0.0,0.01,0.04,0.04,0.0,0.04,0.0
Audrey Vasquez,0.0,0.0,0.0,0.0,0.96,0.0,0.0,0.06,0.0,0.0,0.0,0.03,0.05,0.0,0.0,0.0,0.0,0.03,0.0,0.0,0.0,0.0,0.0,0.93,0.0,0.0,0.0,0.03,0.0,0.96,0.0,0.0,0.0,0.05,0.06,0.02,0.0,0.0,0.0,0.0,0.0,0.0,0.0,0.05,0.03,0.06,0.08,0.0,0.0,0.0
Natalie Gutierrez,0.0,0.0,0.0,0.0,0.07,0.0,0.0,0.03,0.0,0.0,0.0,0.06,0.03,0.04,0.0,0.0,0.0,0.06,0.0,0.0,0.03,0.0,0.0,0.01,0.0,0.0,0.0,0.03,0.0,0.04,0.0,0.0,0.0,0.0,0.03,0.0,0.0,0.0,0.0,0.0,0.0,0.0,0.0,0.03,0.04,0.06,0.04,0.0,0.0,0.0
Gabriella Zhang,0.03,0.0,0.0,0.06,0.03,0.0,0.0,0.03,0.03,0.03,0.0,0.06,0.03,0.0,0.0,0.0,0.07,0.03,0.0,0.0,0.0,0.0,0.0,0.03,0.0,0.0,0.03,0.06,0.0,0.08,0.0,0.0,0.0,0.03,0.05,0.0,0.0,0.0,0.0,0.03,0.0,0.0,0.02,0.06,0.06,0.03,0.03,0.0,0.06,0.0
Jade Singh,0.0,0.0,0.03,0.06,0.0,0.0,0.0,0.03,0.0,0.03,0.0,0.99,0.96,0.0,0.0,0.0,0.99,0.02,0.0,0.0,0.96,0.0,0.0,0.05,0.0,0.0,0.05,0.06,0.0,0.06,0.0,0.0,0.0,0.0,0.03,0.0,0.0,0.0,0.0,0.0,0.0,0.0,0.03,0.06,0.05,0.03,0.03,0.0,0.06,0.0
Bella Dang,0.0,0.0,0.01,0.04,0.01,0.0,0.0,0.03,0.99,0.03,0.0,0.04,0.05,0.94,0.01,0.0,0.03,0.03,0.0,0.0,0.0,0.0,0.0,0.04,0.0,0.0,0.04,0.03,0.0,0.01,0.0,0.04,0.03,0.05,0.03,0.05,0.0,0.0,0.03,0.04,0.0,0.0,0.04,0.05,0.01,0.04,0.06,0.0,0.97,0.0
Ellie Garcia,0.06,0.0,1.0,0.01,0.97,0.0,0.0,0.0,0.07,0.0,0.0,0.04,0.03,0.07,0.01,0.0,0.03,0.05,0.0,0.0,0.06,0.0,0.0,0.96,0.0,0.0,0.06,0.0,0.0,0.94,0.0,0.04,0.03,0.0,0.03,0.03,0.0,0.0,0.07,0.04,0.0,0.0,0.04,0.03,0.06,0.04,0.01,0.0,0.04,0.0
Adalynn Cruz,0.03,0.0,0.04,0.03,0.06,0.0,0.0,0.0,0.07,0.03,0.0,0.01,0.0,0.04,0.04,0.0,0.02,0.06,0.0,0.0,0.03,0.0,0.0,0.04,0.0,0.0,0.01,0.03,0.0,0.01,0.0,0.07,0.0,0.03,0.0,0.0,0.0,0.0,0.97,0.04,0.0,0.0,0.04,0.0,0.01,0.01,0.04,0.0,0.03,0.0
Isla Martinez,0.03,0.0,0.01,0.01,0.04,0.0,0.0,0.06,0.06,0.0,0.0,0.01,0.05,0.01,0.94,0.0,0.0,0.96,0.0,0.0,0.0,0.0,0.0,0.01,0.0,0.0,0.04,0.0,0.0,0.04,0.0,0.01,0.96,0.05,0.03,0.02,0.0,0.0,0.03,0.01,0.0,0.0,0.04,0.05,0.04,0.07,0.09,0.0,0.04,0.0
Gabriella Clark,0.0,0.0,0.0,0.0,0.04,0.0,0.0,0.0,0.0,0.0,0.0,0.01,0.0,0.04,0.0,0.0,0.0,0.05,0.0,0.0,0.03,0.0,0.0,0.03,0.0,0.0,0.0,0.0,0.0,0.01,0.0,0.0,0.0,0.03,0.0,0.0,0.0,0.0,0.0,0.0,0.0,0.0,0.0,0.0,0.03,0.01,0.01,0.0,0.0,0.0
Brooklyn Thomas,0.96,0.0,0.03,0.03,0.03,0.0,0.0,0.03,0.05,0.0,0.0,0.03,0.02,0.03,0.0,0.0,0.03,0.03,0.0,0.0,0.03,0.0,0.0,0.0,0.0,0.0,0.03,0.03,0.0,0.0,0.0,0.03,0.0,0.02,0.03,0.02,0.0,0.0,0.05,0.0,0.0,0.0,0.0,0.02,0.0,0.03,0.05,0.0,0.03,0.0
Kinsley Clark,0.0,0.0,0.01,0.01,0.01,0.0,0.0,0.93,0.01,0.03,0.0,0.01,0.0,0.01,0.04,0.0,0.0,0.0,0.0,0.0,0.0,0.0,0.0,0.01,0.0,0.0,0.04,0.0,0.0,0.03,0.0,0.01,0.0,0.0,0.02,0.0,0.0,0.0,0.01,0.04,0.0,0.0,0.06,0.0,0.01,0.01,0.01,0.0,0.01,0.0
Eva Nelson,0.05,0.0,0.01,0.04,0.04,0.0,0.0,0.08,0.04,0.03,0.0,0.04,0.03,0.03,0.06,0.0,0.03,0.03,0.0,0.0,0.0,0.0,0.0,0.01,0.0,0.0,0.04,0.03,0.0,0.04,0.0,0.01,0.03,0.03,0.06,0.0,0.0,0.0,0.01,0.03,0.0,0.0,0.07,0.03,0.04,0.07,0.07,0.0,0.04,0.0
Emily Mehta,0.0,0.0,0.0,0.0,0.0,0.0,0.0,0.0,0.0,0.0,0.0,0.03,0.0,0.0,0.0,0.0,0.0,0.02,0.0,0.0,0.0,0.0,0.0,0.05,0.0,0.0,0.0,0.03,0.0,0.03,0.0,0.0,0.0,0.03,0.0,0.0,0.0,0.0,0.0,0.0,0.0,0.0,0.0,0.03,0.05,0.0,0.0,0.0,0.0,0.0
Rylee Kim,0.03,0.0,0.03,0.03,0.03,0.0,0.0,0.03,0.03,0.06,0.0,0.06,0.03,0.03,0.0,0.0,0.06,0.03,0.0,0.0,0.03,0.0,0.0,0.06,0.0,0.0,0.03,0.06,0.0,0.08,0.0,0.03,0.0,0.96,0.05,0.03,0.0,0.0,0.03,0.03,0.0,0.0,0.02,0.06,0.06,0.03,0.03,0.0,0.06,0.0
Victoria Dang,0.0,0.0,0.01,0.97,0.01,0.0,0.0,0.03,0.03,0.0,0.0,0.04,0.02,0.01,0.04,0.0,0.03,0.0,0.0,0.0,0.0,0.0,0.0,0.01,0.0,0.0,0.04,0.03,0.0,0.01,0.0,0.01,0.0,0.02,0.03,0.02,0.0,0.0,0.03,0.01,0.0,0.0,0.01,0.02,0.01,0.04,0.06,0.0,0.04,0.0
Arianna Chen,0.0,0.0,0.0,0.0,0.0,0.0,0.0,0.0,0.0,0.0,0.0,0.03,0.03,0.03,0.0,0.0,0.0,0.03,0.0,0.0,0.03,0.0,0.0,0.03,0.0,0.0,0.0,0.05,0.0,0.0,0.0,0.0,0.0,0.03,0.03,0.03,0.0,0.0,0.0,0.0,0.0,0.0,0.0,0.0,0.03,0.03,0.03,0.0,0.0,0.0
Clara Vo,0.0,0.0,0.0,0.0,0.03,0.0,0.0,0.05,0.0,0.0,0.0,0.03,0.03,0.08,0.0,0.0,0.0,0.06,0.0,0.0,0.06,0.0,0.0,0.03,0.0,0.0,0.0,0.03,0.0,0.0,0.0,0.0,0.0,0.03,0.03,0.03,0.0,0.0,0.0,0.0,0.0,0.0,0.0,0.93,0.03,0.03,0.03,0.0,0.0,0.0
Aubrey Vargas,0.03,0.0,0.06,0.04,0.01,0.0,0.0,0.0,0.04,0.05,0.0,0.09,0.03,0.04,0.01,0.0,0.06,0.0,0.0,0.0,0.03,0.0,0.0,0.04,0.0,0.0,0.01,0.03,0.0,0.04,0.0,0.01,0.02,0.0,0.03,0.03,0.0,0.0,0.04,0.04,0.0,0.0,0.01,0.03,0.07,0.06,0.01,0.0,0.07,0.0
Zoey White,0.0,0.0,0.0,0.0,0.93,0.0,0.0,0.0,0.0,0.0,0.0,0.05,0.03,0.0,0.0,0.0,0.0,0.03,0.0,0.0,0.03,0.0,0.0,0.99,0.0,0.0,0.0,0.06,0.0,0.99,0.0,0.0,0.0,0.03,0.0,0.0,0.0,0.0,0.0,0.0,0.0,0.0,0.0,0.06,0.03,0.02,0.03,0.0,0.0,0.0
Zoey Wang,0.03,0.0,0.03,0.03,0.03,0.0,0.0,0.03,0.96,0.0,0.0,0.03,0.0,0.96,0.0,0.0,0.03,0.03,0.0,0.0,0.03,0.0,0.0,0.0,0.0,0.0,0.03,0.03,0.0,0.02,0.0,0.03,0.0,0.0,0.05,0.0,0.0,0.0,0.03,0.0,0.0,0.0,0.02,0.0,0.0,0.03,0.03,0.0,0.96,0.0
Sofia King,0.03,0.0,0.96,0.03,0.93,0.0,0.0,0.06,0.05,0.0,0.0,0.03,0.05,0.03,0.0,0.0,0.03,0.0,0.0,0.0,0.03,0.0,0.0,0.93,0.0,0.0,0.03,0.03,0.0,0.93,0.0,0.0,0.03,0.08,0.06,0.05,0.0,0.0,0.05,0.03,0.0,0.0,0.03,0.02,0.03,0.06,0.08,0.0,0.03,0.0
Zoe Patel,0.06,0.0,1.0,0.01,0.97,0.0,0.0,0.0,0.07,0.0,0.0,0.04,0.03,0.07,0.01,0.0,0.03,0.03,0.0,0.0,0.08,0.0,0.0,0.94,0.0,0.0,0.04,0.0,0.0,0.94,0.0,0.04,0.03,0.0,0.03,0.03,0.0,0.0,0.07,0.04,0.0,0.0,0.04,0.03,0.04,0.04,0.01,0.0,0.04,0.0
Aubrey Roberts,0.08,0.0,1.0,0.04,0.97,0.0,0.0,0.05,0.07,0.0,0.0,0.04,0.03,0.09,0.03,0.0,0.03,0.03,0.0,0.0,0.06,0.0,0.0,0.94,0.0,0.0,0.04,0.03,0.0,0.94,0.0,0.04,0.03,0.0,0.03,0.03,0.0,0.0,0.07,0.06,0.0,0.0,0.04,0.03,0.04,0.04,0.04,0.0,0.04,0.0
Liliana Jackson,0.0,0.0,0.0,0.0,0.03,0.0,0.0,0.03,0.0,0.0,0.0,0.08,0.03,0.0,0.0,0.0,0.0,0.03,0.0,0.0,0.0,0.0,0.0,0.03,0.0,0.0,0.0,0.06,0.0,0.06,0.0,0.0,0.0,0.0,0.03,0.0,0.0,0.0,0.0,0.0,0.0,0.0,0.0,0.06,0.06,0.05,0.03,0.0,0.0,0.0
Luna Desai,0.03,0.0,0.04,0.01,0.04,0.0,0.0,0.03,0.04,0.0,0.0,0.04,0.06,0.04,0.01,0.0,0.03,0.03,0.0,0.0,0.03,0.0,0.0,0.01,0.0,0.0,0.04,0.0,0.0,0.06,0.0,0.94,0.0,0.0,0.05,0.03,0.0,0.0,0.04,0.04,0.0,0.0,0.03,0.03,0.04,0.04,0.04,0.0,0.04,0.0
Mia Nguyen,0.0,0.0,0.0,0.0,0.04,0.0,0.0,0.03,0.0,0.0,0.0,0.06,0.0,0.04,0.0,0.0,0.0,0.03,0.0,0.0,0.03,0.0,0.0,0.01,0.0,0.0,0.0,0.03,0.0,0.01,0.0,0.0,0.0,0.93,0.03,0.0,0.0,0.0,0.0,0.0,0.0,0.0,0.0,0.0,0.01,0.06,0.04,0.0,0.0,0.0
Priya Wilson,0.0,0.0,0.0,0.03,0.0,0.0,0.0,0.03,0.02,0.0,0.0,0.03,0.02,0.0,0.93,0.0,0.03,0.93,0.0,0.0,0.0,0.0,0.0,0.0,0.0,0.0,0.06,0.03,0.0,0.0,0.0,0.0,0.93,0.02,0.03,0.02,0.0,0.0,0.02,0.03,0.0,0.0,0.0,0.02,0.0,0.03,0.05,0.0,0.03,0.0
Aubree Harris,0.0,0.0,0.0,0.0,0.03,0.0,0.0,0.06,0.0,0.0,0.0,0.03,0.03,0.03,0.0,0.0,0.0,0.03,0.0,0.0,0.05,0.0,0.0,0.0,0.0,0.0,0.0,0.0,0.0,0.03,0.0,0.0,0.0,0.96,0.06,0.03,0.0,0.0,0.0,0.0,0.0,0.0,0.0,0.03,0.03,0.06,0.06,0.0,0.0,0.0
Aisha Nguyen,0.0,0.0,0.0,0.0,0.93,0.0,0.0,0.0,0.0,0.0,0.0,0.0,0.02,0.0,0.0,0.0,0.0,0.0,0.0,0.0,0.0,0.0,0.0,0.93,0.0,0.0,0.0,0.0,0.0,0.93,0.0,0.0,0.0,0.05,0.0,0.02,0.0,0.0,0.0,0.0,0.0,0.0,0.0,0.02,0.0,0.0,0.02,0.0,0.0,0.0
Adalynn Jimenez,0.03,0.0,0.05,0.0,0.03,0.0,0.0,0.06,0.03,0.05,0.0,0.05,0.03,0.03,0.0,0.0,0.03,0.03,0.0,0.0,0.03,0.0,0.0,0.03,0.0,0.0,0.03,0.03,0.0,0.03,0.0,0.03,0.05,0.06,0.06,0.03,0.0,0.0,0.03,0.03,0.0,0.0,0.03,0.03,0.03,0.08,0.06,0.0,0.03,0.0
Eleanor Wang,0.03,0.0,0.96,0.0,0.93,0.0,0.0,0.03,0.05,0.03,0.0,0.03,0.05,0.03,0.0,0.0,0.03,0.03,0.0,0.0,0.03,0.0,0.0,0.96,0.0,0.0,0.0,0.03,0.0,0.93,0.0,0.03,0.03,0.08,0.06,0.05,0.0,0.0,0.05,0.03,0.0,0.0,0.03,0.02,0.03,0.06,0.08,0.0,0.03,0.0
Genesis Thompson,0.03,0.0,0.01,0.01,0.04,0.0,0.0,0.06,0.04,0.03,0.0,0.01,0.03,0.01,0.01,0.0,0.0,0.03,0.0,0.0,0.0,0.0,0.0,0.04,0.0,0.0,0.04,0.03,0.0,0.06,0.0,0.04,0.03,0.99,0.05,0.0,0.0,0.0,0.01,0.04,0.0,0.0,0.06,0.03,0.04,0.07,0.07,0.0,0.04,0.0
Sofia Johnson,0.06,0.0,0.07,0.04,0.04,0.0,0.0,0.03,0.07,0.0,0.0,0.04,0.03,0.07,0.01,0.0,0.03,0.05,0.0,0.0,0.06,0.0,0.0,0.03,0.0,0.0,0.06,0.03,0.0,0.01,0.0,0.04,0.0,0.03,0.03,0.03,0.0,0.0,0.07,0.04,0.0,0.0,0.01,0.0,0.06,0.04,0.04,0.0,0.04,0.0
Emery Adams,0.03,0.0,0.0,0.03,0.03,0.0,0.0,0.03,0.05,0.03,0.0,0.96,0.98,0.0,0.0,0.0,0.96,0.03,0.0,0.0,0.93,0.0,0.0,0.03,0.0,0.0,0.03,0.03,0.0,0.06,0.0,0.0,0.0,0.02,0.0,0.02,0.0,0.0,0.02,0.0,0.0,0.0,0.0,0.08,0.06,0.03,0.05,0.0,0.06,0.0
Liliana Lopez,0.0,0.0,0.0,0.0,0.05,0.0,0.0,0.03,0.0,0.0,0.0,0.03,0.0,0.06,0.0,0.0,0.0,0.03,0.0,0.0,0.03,0.0,0.0,0.0,0.0,0.0,0.0,0.03,0.0,0.0,0.0,0.0,0.0,0.0,0.03,0.0,0.0,0.0,0.0,0.0,0.0,0.0,0.0,0.0,0.03,0.03,0.03,0.0,0.0,0.0
Madison Flores,0.0,0.0,0.94,0.04,0.94,0.0,0.0,0.03,0.01,0.0,0.0,0.04,0.0,0.04,0.01,0.0,0.03,0.0,0.0,0.0,0.0,0.0,0.0,0.94,0.0,0.0,0.04,0.03,0.0,0.96,0.0,0.01,0.0,0.0,0.05,0.0,0.0,0.0,0.01,0.01,0.0,0.0,0.03,0.0,0.04,0.04,0.04,0.0,0.04,0.0
Quinn Chen,0.0,0.0,0.0,0.0,0.94,0.0,0.0,0.03,0.0,0.0,0.0,0.03,0.0,0.01,0.0,0.0,0.0,0.0,0.0,0.0,0.0,0.0,0.0,0.94,0.0,0.0,0.0,0.0,0.0,0.94,0.0,0.0,0.0,0.06,0.03,0.0,0.0,0.0,0.0,0.0,0.0,0.0,0.0,0.0,0.01,0.06,0.04,0.0,0.0,0.0
Audrey Reyes,0.06,0.0,0.04,0.97,0.07,0.0,0.0,0.03,0.09,0.0,0.0,0.04,0.05,0.04,0.01,0.0,0.03,0.06,0.0,0.0,0.03,0.0,0.0,0.01,0.0,0.0,0.04,0.03,0.0,0.04,0.0,0.04,0.0,0.05,0.03,0.02,0.0,0.0,0.06,0.04,0.0,0.0,0.01,0.05,0.04,0.04,0.06,0.0,0.04,0.0
Aubree Scott,0.0,0.0,0.0,0.0,0.07,0.0,0.0,0.03,0.0,0.0,0.0,0.04,0.03,0.04,0.0,0.0,0.0,0.06,0.0,0.0,0.03,0.0,0.0,0.01,0.0,0.0,0.0,0.05,0.0,0.04,0.0,0.0,0.0,0.93,0.03,0.0,0.0,0.0,0.0,0.0,0.0,0.0,0.0,0.03,0.04,0.04,0.04,0.0,0.0,0.0
Elizabeth Harris,0.03,0.0,0.04,0.04,0.01,0.0,0.0,0.03,0.04,0.0,0.0,0.04,0.03,0.04,0.04,0.0,0.03,0.0,0.0,0.0,0.03,0.0,0.0,0.01,0.0,0.0,0.04,0.05,0.0,0.01,0.0,0.96,0.0,0.0,0.03,0.03,0.0,0.0,0.04,0.04,0.0,0.0,0.01,0.0,0.04,0.04,0.04,0.0,0.04,0.0
Stella Vasquez,0.03,0.0,0.03,0.03,0.03,0.0,0.0,0.03,0.03,0.06,0.0,0.06,0.03,0.03,0.0,0.0,0.06,0.05,0.0,0.0,0.03,0.0,0.0,0.08,0.0,0.0,0.05,0.06,0.0,0.06,0.0,0.03,0.0,0.03,0.03,0.03,0.0,0.0,0.03,0.03,0.0,0.0,0.0,0.06,0.08,0.03,0.03,0.0,0.06,0.0
Madison Mehta,0.06,0.0,0.07,0.04,0.04,0.0,0.0,0.03,0.07,0.0,0.0,0.04,0.03,0.07,0.01,0.0,0.03,0.05,0.0,0.0,0.06,0.0,0.0,0.03,0.0,0.0,0.06,0.03,0.0,0.01,0.0,0.04,0.0,0.0,0.03,0.03,0.0,0.0,0.07,0.04,0.0,0.0,0.94,0.93,0.06,0.04,0.04,0.0,0.04,0.0
Eleanor Harris,0.0,0.0,0.0,0.0,0.0,0.0,0.0,0.03,0.05,0.03,0.0,0.0,0.02,0.0,0.93,0.0,0.0,0.96,0.0,0.0,0.0,0.0,0.0,0.03,0.0,0.0,0.0,0.03,0.0,0.0,0.0,0.03,0.96,0.08,0.03,0.02,0.0,0.0,0.02,0.03,0.0,0.0,0.03,0.02,0.0,0.03,0.08,0.0,0.0,0.0
Nova Wright,0.0,0.0,0.04,0.04,0.01,0.0,0.0,0.0,0.04,0.06,0.0,0.04,0.03,0.01,0.01,0.0,0.03,0.05,0.0,0.0,0.03,0.0,0.0,0.09,0.0,0.0,0.96,0.06,0.0,0.07,0.0,0.04,0.0,0.03,0.0,0.0,0.0,0.0,0.01,0.04,0.0,0.0,0.04,0.06,0.06,0.01,0.97,0.0,0.04,0.0
Amelia Flores,0.0,0.0,0.0,0.0,0.94,0.0,0.0,0.05,0.0,0.0,0.0,0.07,0.03,0.06,0.0,0.0,0.0,0.0,0.0,0.0,0.03,0.0,0.0,0.97,0.0,0.0,0.0,0.06,0.0,1.0,0.0,0.0,0.0,0.0,0.03,0.03,0.0,0.0,0.0,0.0,0.0,0.0,0.0,0.06,0.07,0.04,0.04,0.0,0.0,0.0
Josephine Campbell,0.03,0.0,0.05,0.0,0.03,0.0,0.0,0.03,0.03,0.05,0.0,0.05,0.03,0.03,0.0,0.0,0.03,0.03,0.0,0.0,0.03,0.0,0.0,0.03,0.0,0.0,0.03,0.03,0.0,0.03,0.0,0.03,0.02,0.96,0.03,0.03,0.0,0.0,0.03,0.03,0.0,0.0,0.0,0.03,0.03,0.05,0.03,0.0,0.03,0.0
Lucy Do,0.03,0.0,0.03,0.0,0.03,0.0,0.0,0.0,0.96,0.0,0.0,0.0,0.0,0.96,0.0,0.0,0.0,0.03,0.0,0.0,0.03,0.0,0.0,0.0,0.0,0.0,0.0,0.0,0.0,0.02,0.0,0.03,0.0,0.03,0.02,0.0,0.0,0.0,0.03,0.03,0.0,0.0,0.02,0.0,0.0,0.0,0.0,0.0,0.93,0.0
Allison Diaz,0.02,0.0,0.0,0.03,0.0,0.0,0.0,0.05,0.0,0.0,0.0,0.03,0.0,0.02,0.02,0.0,0.03,0.0,0.0,0.0,0.0,0.0,0.0,0.0,0.0,0.0,0.03,0.03,0.0,0.0,0.0,0.0,0.0,0.0,0.03,0.03,0.0,0.0,0.0,0.02,0.0,0.0,0.0,0.0,0.0,0.03,0.03,0.0,0.03,0.0
Zoe Campbell,0.0,0.0,0.0,0.0,0.04,0.0,0.0,0.02,0.0,0.0,0.0,0.04,0.03,0.09,0.0,0.0,0.0,0.06,0.0,0.0,0.06,0.0,0.0,0.04,0.0,0.0,0.0,0.03,0.0,0.01,0.0,0.0,0.0,0.03,0.03,0.03,0.0,0.0,0.0,0.0,0.0,0.0,0.0,0.0,0.04,0.04,0.04,0.0,0.0,0.0
Savannah Sanchez,0.0,0.0,0.0,0.0,0.03,0.0,0.0,0.06,0.0,0.0,0.0,0.04,0.03,0.97,0.0,0.0,0.0,0.0,0.0,0.0,0.03,0.0,0.0,0.01,0.0,0.0,0.0,0.03,0.0,0.01,0.0,0.0,0.0,0.03,0.06,0.03,0.0,0.0,0.0,0.0,0.0,0.0,0.0,0.0,0.04,0.07,0.07,0.0,0.0,0.0
Willow Vasquez,0.03,0.0,0.03,0.0,0.0,0.0,0.0,0.0,0.05,0.01,0.0,0.03,0.06,0.03,0.03,0.0,0.03,0.0,0.0,0.0,0.03,0.0,0.0,0.0,0.0,0.0,0.0,0.0,0.0,0.03,0.0,0.0,0.0,0.96,0.04,0.05,0.0,0.0,0.05,0.03,0.0,0.0,0.03,0.05,0.03,0.03,0.02,0.0,0.03,0.0
Mia Dang,0.02,0.0,0.01,0.01,0.01,0.0,0.0,0.02,0.04,0.03,0.0,0.01,0.0,0.03,0.06,0.0,0.0,0.03,0.0,0.0,0.0,0.0,0.0,0.04,0.0,0.0,0.04,0.03,0.0,0.01,0.0,0.04,0.03,0.03,0.0,0.03,0.0,0.0,0.94,0.06,0.0,0.0,0.04,0.03,0.01,0.01,0.04,0.0,0.01,0.0
Aubrey Rivera,0.03,0.0,0.06,0.01,0.04,0.0,0.0,0.0,0.07,0.05,0.0,0.03,0.0,0.04,0.01,0.0,0.0,0.06,0.0,0.0,0.03,0.0,0.0,0.04,0.0,0.0,0.01,0.03,0.0,0.01,0.0,0.07,0.02,0.96,0.0,0.0,0.0,0.0,0.04,0.04,0.0,0.0,0.01,0.0,0.01,0.03,0.04,0.0,0.01,0.0
Mackenzie Baker,0.0,0.0,0.0,0.0,0.01,0.0,0.0,0.0,0.0,0.0,0.0,0.09,0.03,0.04,0.0,0.0,0.0,0.0,0.0,0.0,0.03,0.0,0.0,0.04,0.0,0.0,0.0,0.03,0.0,0.04,0.0,0.0,0.0,0.0,0.03,0.03,0.0,0.0,0.0,0.0,0.0,0.0,0.0,0.03,0.07,0.06,0.01,0.0,0.0,0.0
Caroline Rivera,0.0,0.0,0.0,0.0,1.0,0.0,0.0,0.03,0.0,0.0,0.0,0.04,0.05,0.07,0.0,0.0,0.0,0.06,0.0,0.0,0.06,0.0,0.0,0.94,0.0,0.0,0.0,0.03,0.0,0.97,0.0,0.0,0.0,0.02,0.03,0.05,0.0,0.0,0.0,0.0,0.0,0.0,0.0,0.05,0.04,0.04,0.06,0.0,0.0,0.0
Sadie Desai,0.0,0.0,0.0,0.0,0.01,0.0,0.0,0.0,0.0,0.0,0.0,0.04,0.08,0.04,0.0,0.0,0.0,0.0,0.0,0.0,0.03,0.0,0.0,0.01,0.0,0.0,0.0,0.0,0.0,0.01,0.0,0.0,0.0,0.02,0.03,0.05,0.0,0.0,0.0,0.0,0.0,0.0,0.0,0.02,0.04,0.04,0.03,0.0,0.0,0.0
Amelia Gonzalez,0.06,0.0,0.07,0.01,0.07,0.0,0.0,0.03,0.07,0.03,0.0,0.04,0.03,0.07,0.04,0.0,0.03,0.08,0.0,0.0,0.06,0.0,0.0,0.03,0.0,0.0,0.06,0.0,0.0,0.04,0.0,0.04,0.0,0.0,0.03,0.03,0.0,0.0,1.0,0.04,0.0,0.0,0.04,0.03,0.06,0.04,0.04,0.0,0.04,0.0
Paisley Clark,0.03,0.0,0.06,0.01,0.01,0.0,0.0,0.0,0.04,0.02,0.0,0.06,0.03,0.04,0.01,0.0,0.03,0.0,0.0,0.0,0.03,0.0,0.0,0.01,0.0,0.0,0.01,0.0,0.0,0.01,0.0,0.01,0.02,0.0,0.03,0.03,0.0,0.0,0.04,0.04,0.0,0.0,0.94,0.93,0.04,0.06,0.01,0.0,0.04,0.0
Willow Kaur,0.0,0.0,0.94,0.04,0.94,0.0,0.0,0.03,0.01,0.0,0.0,0.04,0.0,0.01,0.01,0.0,0.03,0.0,0.0,0.0,0.0,0.0,0.0,0.94,0.0,0.0,0.07,0.03,0.0,0.96,0.0,0.01,0.0,0.0,0.05,0.0,0.0,0.0,0.01,0.04,0.0,0.0,0.03,0.0,0.01,0.04,0.04,0.0,0.04,0.0
Bella Ramos,0.06,0.0,0.06,0.0,0.03,0.0,0.0,0.0,0.08,0.96,0.0,0.03,0.05,0.06,0.0,0.0,0.04,0.06,0.0,0.0,0.06,0.0,0.0,0.03,0.0,0.0,0.0,0.03,0.0,0.0,0.0,0.06,0.0,0.05,0.03,0.98,0.0,0.0,0.08,0.03,0.0,0.0,0.0,0.02,0.03,0.96,0.05,0.0,0.03,0.0
Chloe Brown,0.0,0.0,0.05,0.93,0.0,0.0,0.0,0.0,0.0,0.02,0.0,0.02,0.03,0.0,0.0,0.0,0.0,0.0,0.0,0.0,0.03,0.0,0.0,0.0,0.0,0.0,0.06,0.0,0.0,0.03,0.0,0.0,0.05,0.0,0.0,0.03,0.0,0.0,0.0,0.03,0.0,0.0,0.03,0.03,0.0,0.02,0.0,0.0,0.0,0.0
Hadley Robinson,0.0,0.0,0.0,0.0,0.03,0.0,0.0,0.03,0.0,0.0,0.0,0.07,0.0,0.04,0.0,0.0,0.0,0.0,0.0,0.0,0.0,0.0,0.0,0.04,0.0,0.0,0.0,0.06,0.0,0.04,0.0,0.0,0.0,0.93,0.03,0.0,0.0,0.0,0.0,0.0,0.0,0.0,0.0,0.03,0.07,0.04,0.04,0.0,0.0,0.0
Sadie Chavez,0.03,0.0,0.96,0.03,0.96,0.0,0.0,0.03,0.03,0.0,0.0,0.03,0.03,0.03,0.03,0.0,0.03,0.05,0.0,0.0,0.03,0.0,0.0,0.95,0.0,0.0,0.05,0.03,0.0,0.96,0.0,0.0,0.0,0.0,0.03,0.03,0.0,0.0,0.03,0.03,0.0,0.0,0.0,0.03,0.05,0.03,0.03,0.0,0.03,0.0
Nevaeh Anderson,0.0,0.0,0.0,0.0,0.03,0.0,0.0,0.05,0.0,0.0,0.0,0.06,0.03,0.05,0.0,0.0,0.0,0.03,0.0,0.0,0.03,0.0,0.0,0.03,0.0,0.0,0.0,0.03,0.0,0.06,0.0,0.0,0.0,0.0,0.03,0.03,0.0,0.0,0.0,0.0,0.0,0.0,0.0,0.06,0.06,0.03,0.03,0.0,0.0,0.0
Audrey Patel,0.05,0.0,0.96,0.0,0.96,0.0,0.0,0.05,0.03,0.03,0.0,0.03,0.03,0.05,0.02,0.0,0.03,0.03,0.0,0.0,0.03,0.0,0.0,0.96,0.0,0.0,0.06,0.03,0.0,0.96,0.0,0.03,0.0,0.03,0.03,0.03,0.0,0.0,0.03,0.08,0.0,0.0,0.0,0.03,0.03,0.03,0.03,0.0,0.03,0.0
Kennedy Vasquez,0.03,0.0,0.06,0.04,0.04,0.0,0.0,0.03,0.04,0.02,0.0,0.06,0.03,0.04,0.04,0.0,0.03,0.03,0.0,0.0,0.03,0.0,0.0,0.01,0.0,0.0,0.04,0.03,0.0,0.04,0.0,0.01,0.02,0.0,0.03,0.03,0.0,0.0,0.97,0.04,0.0,0.0,0.01,0.03,0.04,0.06,0.04,0.0,0.04,0.0
Ruby Castillo,0.0,0.0,0.02,0.0,0.0,0.0,0.0,0.0,0.0,0.05,0.0,0.02,0.0,0.0,0.03,0.0,0.0,0.0,0.0,0.0,0.0,0.0,0.0,0.0,0.0,0.0,0.03,0.0,0.0,0.0,0.0,0.0,0.02,0.0,0.0,0.01,0.0,0.0,0.0,0.03,0.0,0.0,0.03,0.01,0.0,0.02,0.0,0.0,0.0,0.0
Aisha Jones,0.0,0.0,0.0,0.0,0.03,0.0,0.0,0.0,0.0,0.0,0.0,0.03,0.03,0.06,0.0,0.0,0.0,0.03,0.0,0.0,0.06,0.0,0.0,0.0,0.0,0.0,0.0,0.02,0.0,0.0,0.0,0.0,0.0,0.0,0.03,0.03,0.0,0.0,0.0,0.0,0.0,0.0,0.0,0.03,0.03,0.03,0.0,0.0,0.0,0.0
Mia Perez,0.0,0.0,0.97,0.07,0.94,0.0,0.0,0.03,0.01,0.03,0.0,0.07,0.03,0.01,0.01,0.0,0.06,0.0,0.0,0.0,0.03,0.0,0.0,0.97,0.0,0.0,0.04,0.06,0.0,1.0,0.0,0.01,0.03,0.0,0.05,0.03,0.0,0.0,0.01,0.01,0.0,0.0,0.06,0.06,0.04,0.04,0.04,0.0,0.07,0.0
Abigail Rivera,0.03,0.0,0.0,0.03,0.03,0.0,0.0,0.06,0.03,0.0,0.0,0.03,0.03,0.0,0.0,0.0,0.03,0.03,0.0,0.0,0.02,0.0,0.0,0.0,0.0,0.0,0.03,0.03,0.0,0.03,0.0,0.0,0.03,0.03,0.06,0.0,0.0,0.0,0.0,0.0,0.0,0.0,0.03,0.03,0.03,0.06,0.06,0.0,0.03,0.0
Clara Diaz,0.0,0.0,0.01,0.04,0.01,0.0,0.0,0.0,0.03,0.03,0.0,0.04,0.02,0.04,0.01,0.0,0.03,0.0,0.0,0.0,0.0,0.0,0.0,0.04,0.0,0.0,0.01,0.03,0.0,0.04,0.0,0.01,0.0,0.02,0.0,0.02,0.0,0.0,0.03,0.01,0.0,0.0,0.01,0.05,0.07,0.01,0.03,0.0,0.04,0.0
Chloe Young,0.06,0.0,0.09,0.01,0.04,0.0,0.0,0.0,1.0,0.02,0.0,0.06,0.03,1.0,0.01,0.0,0.03,0.03,0.0,0.0,0.06,0.0,0.0,0.01,0.0,0.0,0.01,0.0,0.0,0.01,0.0,0.04,0.02,0.03,0.03,0.03,0.0,0.0,0.07,0.04,0.0,0.0,0.01,0.0,0.04,0.06,0.01,0.0,0.97,0.0
Mia Miller,0.03,0.0,0.05,0.0,0.03,0.0,0.0,0.0,0.03,0.98,0.0,0.02,0.0,0.03,0.03,0.0,0.0,0.03,0.0,0.0,0.03,0.0,0.0,0.0,0.0,0.0,0.0,0.0,0.0,0.0,0.0,0.03,0.02,0.0,0.0,0.94,0.0,0.0,0.03,0.0,0.0,0.0,0.03,0.01,0.0,0.95,0.0,0.0,0.0,0.0
